Data_Point_ID,GIR_Section,Sub_Section,Data_Element_Name,Description,Data_Type,Required,XML_Element_Path,Source_System,Data_Owner,Priority,Validation_Rule,Notes,Collection_Status
S1-001,Section 1,1.1 Filing CE,FilingConstituentEntityName,Legal name of the Filing Constituent Entity,String,Yes,GIR/FilingCE/Name,Legal Entity Master,Tax Director,Critical,Must match registered name,Primary filer identification,Not Started
S1-002,Section 1,1.1 Filing CE,FilingCETIN,Tax Identification Number of Filing CE,String,Yes,GIR/FilingCE/TIN,Tax Registration DB,Tax Compliance,Critical,Valid TIN format per jurisdiction,Local tax ID required,Not Started
S1-003,Section 1,1.1 Filing CE,FilingCEJurisdiction,Jurisdiction where Filing CE is located,Country Code,Yes,GIR/FilingCE/Jurisdiction,Legal Entity Master,Tax Director,Critical,ISO 3166-1 alpha-2,Two-letter country code,Not Started
S1-004,Section 1,1.1 Filing CE,FilingCEAddress,Registered address of Filing CE,String,Yes,GIR/FilingCE/Address,Legal Entity Master,Corporate Secretary,High,Complete address required,Include postal code,Not Started
S1-005,Section 1,1.1 Filing CE,FilingCEType,Type of constituent entity (UPE/Filing CE/Other),Enumeration,Yes,GIR/FilingCE/EntityType,Legal Entity Master,Tax Director,Critical,Valid entity type code,Determines filing obligations,Not Started
S1-006,Section 1,1.1 Filing CE,FilingRole,Role in GIR filing (Primary/Designated),Enumeration,Yes,GIR/FilingCE/FilingRole,GIR Configuration,Tax Director,Critical,Must be Primary or Designated,One primary filer per group,Not Started
S1-007,Section 1,1.1 Filing CE,FilingBasis,Basis for filing (IIR/UTPR/QDMTT),Enumeration,Yes,GIR/FilingCE/FilingBasis,GIR Configuration,Tax Director,Critical,Valid filing basis code,Determines allocation rules,Not Started
S1-008,Section 1,1.1 Filing CE,ContactName,Name of primary contact person,String,Yes,GIR/FilingCE/Contact/Name,HR System,Tax Manager,Medium,Non-empty string,For authority queries,Not Started
S1-009,Section 1,1.1 Filing CE,ContactEmail,Email of primary contact,String,Yes,GIR/FilingCE/Contact/Email,HR System,Tax Manager,Medium,Valid email format,Official correspondence,Not Started
S1-010,Section 1,1.1 Filing CE,ContactPhone,Phone number of primary contact,String,No,GIR/FilingCE/Contact/Phone,HR System,Tax Manager,Low,Valid phone format,Optional contact method,Not Started
S1-011,Section 1,1.2 UPE Info,UPEName,Legal name of Ultimate Parent Entity,String,Yes,GIR/UPE/Name,Legal Entity Master,Group Tax,Critical,Must match registered name,Group parent identification,Not Started
S1-012,Section 1,1.2 UPE Info,UPETIN,Tax Identification Number of UPE,String,Yes,GIR/UPE/TIN,Tax Registration DB,Group Tax,Critical,Valid TIN format,May differ from Filing CE,Not Started
S1-013,Section 1,1.2 UPE Info,UPEJurisdiction,Jurisdiction where UPE is located,Country Code,Yes,GIR/UPE/Jurisdiction,Legal Entity Master,Group Tax,Critical,ISO 3166-1 alpha-2,Determines IIR applicability,Not Started
S1-014,Section 1,1.2 UPE Info,UPEAddress,Registered address of UPE,String,Yes,GIR/UPE/Address,Legal Entity Master,Corporate Secretary,High,Complete address required,Official registered office,Not Started
S1-015,Section 1,1.2 UPE Info,UPEIncorporationDate,Date UPE was incorporated,Date,No,GIR/UPE/IncorporationDate,Legal Entity Master,Corporate Secretary,Low,Valid date format,For transitional rules,Not Started
S1-016,Section 1,1.2 UPE Info,UPEFiscalYearEnd,Fiscal year end date of UPE,Date,Yes,GIR/UPE/FiscalYearEnd,Financial Calendar,Group Tax,Critical,Valid date DD-MMM,Determines filing periods,Not Started
S1-017,Section 1,1.2 UPE Info,ConsolidatedRevenue,Consolidated group revenue (EUR),Decimal,Yes,GIR/UPE/ConsolidatedRevenue,Consolidation System,Group Finance,Critical,>= 750000000 for in-scope,Threshold test amount,Not Started
S1-018,Section 1,1.2 UPE Info,ReportingCurrency,Currency used for GIR reporting,Currency Code,Yes,GIR/UPE/ReportingCurrency,GIR Configuration,Group Tax,Critical,ISO 4217 currency code,Usually EUR or local,Not Started
S1-019,Section 1,1.2 UPE Info,ExchangeRateMethod,Method for currency translation,Enumeration,Yes,GIR/UPE/ExchangeRateMethod,GIR Configuration,Group Tax,High,Average or Spot rate,Consistent application required,Not Started
S1-020,Section 1,1.2 UPE Info,AccountingStandard,Accounting framework used,Enumeration,Yes,GIR/UPE/AccountingStandard,GIR Configuration,Group Finance,Critical,IFRS/Local GAAP/US GAAP,Affects adjustments,Not Started
S1-021,Section 1,1.3 Corporate Structure,TotalConstituentEntities,Total number of CEs in group,Integer,Yes,GIR/Structure/TotalCEs,Legal Entity Master,Group Tax,High,Positive integer,Include all owned entities,Not Started
S1-022,Section 1,1.3 Corporate Structure,JurisdictionCount,Number of jurisdictions with CEs,Integer,Yes,GIR/Structure/JurisdictionCount,Legal Entity Master,Group Tax,High,Positive integer,Determines filing complexity,Not Started
S1-023,Section 1,1.3 Corporate Structure,CEName,Name of each Constituent Entity,String,Yes,GIR/Structure/CE/Name,Legal Entity Master,Group Tax,Critical,Must match registered name,Per entity row,Not Started
S1-024,Section 1,1.3 Corporate Structure,CETIN,TIN of each Constituent Entity,String,Yes,GIR/Structure/CE/TIN,Tax Registration DB,Tax Compliance,Critical,Valid local TIN format,Per entity row,Not Started
S1-025,Section 1,1.3 Corporate Structure,CEJurisdiction,Location of each CE,Country Code,Yes,GIR/Structure/CE/Jurisdiction,Legal Entity Master,Group Tax,Critical,ISO 3166-1 alpha-2,Per entity row,Not Started
S1-026,Section 1,1.3 Corporate Structure,CEOwnershipPercentage,Ownership % in each CE,Decimal,Yes,GIR/Structure/CE/Ownership,Legal Entity Master,Group Tax,Critical,0-100 percentage,Determines consolidation,Not Started
S1-027,Section 1,1.3 Corporate Structure,CEEntityType,Type of each CE,Enumeration,Yes,GIR/Structure/CE/EntityType,Legal Entity Master,Group Tax,High,Valid entity type,PE/JV/Investment Entity,Not Started
S1-028,Section 1,1.3 Corporate Structure,CEFlowThrough,Whether CE is flow-through entity,Boolean,Yes,GIR/Structure/CE/FlowThrough,Legal Entity Master,Group Tax,High,True/False,Affects tax allocation,Not Started
S1-029,Section 1,1.3 Corporate Structure,CEExcluded,Whether CE is excluded from scope,Boolean,Yes,GIR/Structure/CE/Excluded,GIR Configuration,Group Tax,High,True/False,Exclusion reason required,Not Started
S1-030,Section 1,1.3 Corporate Structure,CEExclusionReason,Reason for CE exclusion if applicable,Enumeration,Conditional,GIR/Structure/CE/ExclusionReason,GIR Configuration,Group Tax,High,Valid exclusion code,Required if CEExcluded=True,Not Started
S1-031,Section 1,1.3 Corporate Structure,CELEIIN,Legal Entity Identifier of CE,String,No,GIR/Structure/CE/LEI,Legal Entity Master,Corporate Secretary,Low,Valid LEI format,20-character alphanumeric,Not Started
S1-032,Section 1,1.3 Corporate Structure,CEIncorporationDate,Incorporation date of CE,Date,No,GIR/Structure/CE/IncorporationDate,Legal Entity Master,Corporate Secretary,Low,Valid date format,For transitional rules,Not Started
S1-033,Section 1,1.3 Corporate Structure,CEFunctionalCurrency,Functional currency of CE,Currency Code,Yes,GIR/Structure/CE/FunctionalCurrency,Financial System,Local Finance,High,ISO 4217 code,For translation,Not Started
S1-034,Section 1,1.3 Corporate Structure,CEMainActivity,Primary business activity of CE,String,No,GIR/Structure/CE/MainActivity,Legal Entity Master,Group Tax,Medium,Free text description,For exclusion analysis,Not Started
S1-035,Section 1,1.3 Corporate Structure,ParentEntityName,Name of immediate parent,String,Yes,GIR/Structure/CE/ParentEntity,Legal Entity Master,Group Tax,High,Must match CE in structure,Chain of ownership,Not Started
S1-036,Section 1,1.4 Summary Info,FilingPeriodStart,Start date of fiscal period,Date,Yes,GIR/Summary/PeriodStart,Financial Calendar,Group Tax,Critical,Valid date format,Usually 01-Jan,Not Started
S1-037,Section 1,1.4 Summary Info,FilingPeriodEnd,End date of fiscal period,Date,Yes,GIR/Summary/PeriodEnd,Financial Calendar,Group Tax,Critical,Valid date format,Usually 31-Dec,Not Started
S1-038,Section 1,1.4 Summary Info,GIRVersion,Version of GIR XML schema used,String,Yes,GIR/Summary/SchemaVersion,GIR Configuration,Tax Technology,Critical,Valid schema version,v2.0 per OECD Jan 2025,Not Started
S1-039,Section 1,1.4 Summary Info,SubmissionType,Type of submission (Original/Amended),Enumeration,Yes,GIR/Summary/SubmissionType,GIR Configuration,Group Tax,Critical,Original or Amended,Track amendments,Not Started
S1-040,Section 1,1.4 Summary Info,AmendmentReason,Reason for amendment if applicable,String,Conditional,GIR/Summary/AmendmentReason,GIR Configuration,Group Tax,High,Required if Amended,Audit trail,Not Started
S1-041,Section 1,1.4 Summary Info,TotalJurisdictionsReporting,Count of jurisdictions in GIR,Integer,Yes,GIR/Summary/TotalJurisdictions,GIR Calculation,Group Tax,High,Positive integer,Summary statistic,Not Started
S1-042,Section 1,1.4 Summary Info,TotalTopUpTax,Total top-up tax across all jurisdictions,Decimal,Yes,GIR/Summary/TotalTopUpTax,GIR Calculation,Group Tax,Critical,>= 0,Key output metric,Not Started
S1-043,Section 1,1.4 Summary Info,TotalIIRAllocation,Total IIR allocation amount,Decimal,Yes,GIR/Summary/TotalIIR,GIR Calculation,Group Tax,Critical,>= 0,IIR component,Not Started
S1-044,Section 1,1.4 Summary Info,TotalUTPRAllocation,Total UTPR allocation amount,Decimal,Yes,GIR/Summary/TotalUTPR,GIR Calculation,Group Tax,Critical,>= 0,UTPR component,Not Started
S1-045,Section 1,1.4 Summary Info,TotalQDMTTCredit,Total QDMTT credits claimed,Decimal,Yes,GIR/Summary/TotalQDMTT,GIR Calculation,Group Tax,Critical,>= 0,QDMTT offset,Not Started
S1-046,Section 1,1.4 Summary Info,SafeHarbourJurisdictions,Count using safe harbour,Integer,Yes,GIR/Summary/SafeHarbourCount,GIR Calculation,Group Tax,High,>= 0,Simplified calculation,Not Started
S1-047,Section 1,1.4 Summary Info,ExcludedEntityCount,Count of excluded entities,Integer,Yes,GIR/Summary/ExcludedCount,GIR Calculation,Group Tax,Medium,>= 0,Tracking exclusions,Not Started
S1-048,Section 1,1.4 Summary Info,DeclarationDate,Date of GIR declaration,Date,Yes,GIR/Summary/DeclarationDate,GIR Configuration,Group Tax,Critical,Valid date format,Submission timestamp,Not Started
S1-049,Section 1,1.4 Summary Info,DeclarationSignatory,Name of authorized signatory,String,Yes,GIR/Summary/Signatory,HR System,Group Tax,Critical,Authorized person,Legal responsibility,Not Started
S1-050,Section 1,1.4 Summary Info,DeclarationPosition,Position of signatory,String,Yes,GIR/Summary/SignatoryPosition,HR System,Group Tax,High,Job title,Authority verification,Not Started
S2-001,Section 2,2.1 Jurisdiction Chars,JurisdictionCode,Two-letter jurisdiction code,Country Code,Yes,GIR/Jurisdictions/Jurisdiction/Code,Reference Data,Group Tax,Critical,ISO 3166-1 alpha-2,Per jurisdiction row,Not Started
S2-002,Section 2,2.1 Jurisdiction Chars,JurisdictionName,Full jurisdiction name,String,Yes,GIR/Jurisdictions/Jurisdiction/Name,Reference Data,Group Tax,High,Standard country name,For reporting,Not Started
S2-003,Section 2,2.1 Jurisdiction Chars,StatutoryTaxRate,Statutory corporate tax rate,Decimal,Yes,GIR/Jurisdictions/Jurisdiction/StatRate,Reference Data,Group Tax,High,0-100 percentage,Current rate,Not Started
S2-004,Section 2,2.1 Jurisdiction Chars,QualifiedIIR,Has jurisdiction implemented qualified IIR,Boolean,Yes,GIR/Jurisdictions/Jurisdiction/QIIR,Reference Data,Group Tax,Critical,True/False,Determines priority,Not Started
S2-005,Section 2,2.1 Jurisdiction Chars,QualifiedUTPR,Has jurisdiction implemented qualified UTPR,Boolean,Yes,GIR/Jurisdictions/Jurisdiction/QUTPR,Reference Data,Group Tax,Critical,True/False,Backstop mechanism,Not Started
S2-006,Section 2,2.1 Jurisdiction Chars,QualifiedDMTT,Has jurisdiction implemented QDMTT,Boolean,Yes,GIR/Jurisdictions/Jurisdiction/QDMTT,Reference Data,Group Tax,Critical,True/False,Primary top-up,Not Started
S2-007,Section 2,2.1 Jurisdiction Chars,ImplementationDate,Date GloBE rules effective,Date,Yes,GIR/Jurisdictions/Jurisdiction/EffectiveDate,Reference Data,Group Tax,High,Valid date format,Determines applicability,Not Started
S2-008,Section 2,2.1 Jurisdiction Chars,CECountInJurisdiction,Number of CEs in jurisdiction,Integer,Yes,GIR/Jurisdictions/Jurisdiction/CECount,Legal Entity Master,Group Tax,High,Positive integer,Per jurisdiction,Not Started
S2-009,Section 2,2.1 Jurisdiction Chars,MaterialCEPresence,Material presence in jurisdiction,Boolean,Yes,GIR/Jurisdictions/Jurisdiction/Material,GIR Analysis,Group Tax,High,True/False,Affects filing,Not Started
S2-010,Section 2,2.1 Jurisdiction Chars,TaxTreatyNetwork,Key tax treaty relationships,String,No,GIR/Jurisdictions/Jurisdiction/Treaties,Reference Data,Group Tax,Low,Free text,For planning,Not Started
S2-011,Section 2,2.2 TCbCR Safe Harbour,TCbCRSHEligible,Eligible for Transitional CbCR Safe Harbour,Boolean,Yes,GIR/SafeHarbours/TCbCR/Eligible,GIR Analysis,Group Tax,Critical,True/False,Per jurisdiction,Not Started
S2-012,Section 2,2.2 TCbCR Safe Harbour,TCbCRSHElected,Election to apply TCbCR Safe Harbour,Boolean,Conditional,GIR/SafeHarbours/TCbCR/Elected,GIR Configuration,Group Tax,Critical,True/False,If eligible,Not Started
S2-013,Section 2,2.2 TCbCR Safe Harbour,DeMinimisTestMet,Revenue < EUR 10M and PBT < EUR 1M,Boolean,Conditional,GIR/SafeHarbours/TCbCR/DeMinimis,GIR Calculation,Group Tax,High,True/False,Test 1 of 3,Not Started
S2-014,Section 2,2.2 TCbCR Safe Harbour,DeMinimisRevenue,CbCR Revenue for jurisdiction,Decimal,Conditional,GIR/SafeHarbours/TCbCR/Revenue,CbCR Data,Group Tax,High,>= 0,From CbCR,Not Started
S2-015,Section 2,2.2 TCbCR Safe Harbour,DeMinimisProfit,CbCR PBT for jurisdiction,Decimal,Conditional,GIR/SafeHarbours/TCbCR/PBT,CbCR Data,Group Tax,High,Any value,From CbCR,Not Started
S2-016,Section 2,2.2 TCbCR Safe Harbour,SimplifiedETRTestMet,Simplified ETR >= transition rate,Boolean,Conditional,GIR/SafeHarbours/TCbCR/ETRTest,GIR Calculation,Group Tax,High,True/False,Test 2 of 3,Not Started
S2-017,Section 2,2.2 TCbCR Safe Harbour,SimplifiedETR,Calculated simplified ETR percentage,Decimal,Conditional,GIR/SafeHarbours/TCbCR/ETR,GIR Calculation,Group Tax,High,0-100 percentage,Tax/PBT ratio,Not Started
S2-018,Section 2,2.2 TCbCR Safe Harbour,TransitionETRRate,Applicable transition rate for year,Decimal,Yes,GIR/SafeHarbours/TCbCR/TransitionRate,Reference Data,Group Tax,High,15-16 percentage,Year dependent,Not Started
S2-019,Section 2,2.2 TCbCR Safe Harbour,RoutineProfitsTestMet,PBT <= SBIE amount,Boolean,Conditional,GIR/SafeHarbours/TCbCR/RoutineTest,GIR Calculation,Group Tax,High,True/False,Test 3 of 3,Not Started
S2-020,Section 2,2.2 TCbCR Safe Harbour,SBIEAmountForTest,SBIE calculation for routine test,Decimal,Conditional,GIR/SafeHarbours/TCbCR/SBIEAmount,GIR Calculation,Group Tax,High,>= 0,Payroll + Tangible,Not Started
S2-021,Section 2,2.2 TCbCR Safe Harbour,TCbCRQualifyingTest,Which test qualified (1/2/3),Enumeration,Conditional,GIR/SafeHarbours/TCbCR/QualifyingTest,GIR Calculation,Group Tax,High,DeMinimis/ETR/Routine,Only one needed,Not Started
S2-022,Section 2,2.3 QDMTT Safe Harbour,QDMTTSHEligible,Eligible for QDMTT Safe Harbour,Boolean,Yes,GIR/SafeHarbours/QDMTT/Eligible,GIR Analysis,Group Tax,Critical,True/False,Per jurisdiction,Not Started
S2-023,Section 2,2.3 QDMTT Safe Harbour,QDMTTSHElected,Election to apply QDMTT Safe Harbour,Boolean,Conditional,GIR/SafeHarbours/QDMTT/Elected,GIR Configuration,Group Tax,Critical,True/False,If eligible,Not Started
S2-024,Section 2,2.3 QDMTT Safe Harbour,QDMTTAccountingStandard,Accounting standard for QDMTT,Enumeration,Conditional,GIR/SafeHarbours/QDMTT/AcctStd,Reference Data,Group Tax,High,GloBE consistent,Consistency required,Not Started
S2-025,Section 2,2.3 QDMTT Safe Harbour,QDMTTConsistency,QDMTT consistent with GloBE rules,Boolean,Conditional,GIR/SafeHarbours/QDMTT/Consistent,GIR Analysis,Group Tax,Critical,True/False,Must be True,Not Started
S2-026,Section 2,2.3 QDMTT Safe Harbour,QDMTTCreditMechanism,Credit mechanism available,Boolean,Conditional,GIR/SafeHarbours/QDMTT/CreditMech,Reference Data,Group Tax,High,True/False,Reduces IIR/UTPR,Not Started
S2-027,Section 2,2.3 QDMTT Safe Harbour,QDMTTAmountPaid,QDMTT amount paid in jurisdiction,Decimal,Conditional,GIR/SafeHarbours/QDMTT/AmountPaid,Tax Provision,Local Tax,Critical,>= 0,For credit,Not Started
S2-028,Section 2,2.4 UTPR Safe Harbour,UTPRSHEligible,Eligible for UTPR Safe Harbour,Boolean,Yes,GIR/SafeHarbours/UTPR/Eligible,GIR Analysis,Group Tax,High,True/False,Transitional only,Not Started
S2-029,Section 2,2.4 UTPR Safe Harbour,UTPRSHElected,Election to apply UTPR Safe Harbour,Boolean,Conditional,GIR/SafeHarbours/UTPR/Elected,GIR Configuration,Group Tax,High,True/False,If eligible,Not Started
S2-030,Section 2,2.4 UTPR Safe Harbour,UPEJurisdictionRate,Statutory rate in UPE jurisdiction,Decimal,Conditional,GIR/SafeHarbours/UTPR/UPERate,Reference Data,Group Tax,High,0-100 percentage,Must be >= 20%,Not Started
S2-031,Section 2,2.5 Exclusions,ExcludedEntitiesInJuris,List of excluded entities per jurisdiction,String,No,GIR/Exclusions/ExcludedEntities,Legal Entity Master,Group Tax,Medium,Entity names,Comma separated,Not Started
S2-032,Section 2,2.5 Exclusions,GovernmentEntityExclusion,Government entity exclusion applied,Boolean,No,GIR/Exclusions/GovernmentEntity,Legal Entity Master,Group Tax,Medium,True/False,Article 1.5.1,Not Started
S2-033,Section 2,2.5 Exclusions,InternationalOrgExclusion,International org exclusion applied,Boolean,No,GIR/Exclusions/IntlOrg,Legal Entity Master,Group Tax,Medium,True/False,Article 1.5.2,Not Started
S2-034,Section 2,2.5 Exclusions,NonProfitExclusion,Non-profit exclusion applied,Boolean,No,GIR/Exclusions/NonProfit,Legal Entity Master,Group Tax,Medium,True/False,Article 1.5.3,Not Started
S2-035,Section 2,2.5 Exclusions,PensionFundExclusion,Pension fund exclusion applied,Boolean,No,GIR/Exclusions/PensionFund,Legal Entity Master,Group Tax,Medium,True/False,Article 1.5.4,Not Started
S2-036,Section 2,2.5 Exclusions,InvestmentFundExclusion,Investment fund exclusion applied,Boolean,No,GIR/Exclusions/InvestmentFund,Legal Entity Master,Group Tax,Medium,True/False,Article 1.5.5,Not Started
S2-037,Section 2,2.5 Exclusions,RealEstateVehicleExclusion,REIT exclusion applied,Boolean,No,GIR/Exclusions/REIV,Legal Entity Master,Group Tax,Medium,True/False,Article 1.5.6,Not Started
S2-038,Section 2,2.5 Exclusions,ExclusionDocumentation,Documentation for exclusions,String,Conditional,GIR/Exclusions/Documentation,Document Management,Group Tax,High,File reference,Audit support,Not Started
S2-039,Section 2,2.5 Exclusions,MinorityOwnedCEExclusion,Minority-owned CE exclusion,Boolean,No,GIR/Exclusions/MinorityOwned,Legal Entity Master,Group Tax,Medium,True/False,< 30% ownership,Not Started
S2-040,Section 2,2.5 Exclusions,DeMinimisExclusion,De minimis exclusion for jurisdiction,Boolean,No,GIR/Exclusions/DeMinimis,GIR Calculation,Group Tax,Medium,True/False,Rev < 10M and PBT < 1M,Not Started
S3-001,Section 3,3.1 GloBE Income,FinancialAccountingNetIncome,Net income per financial accounts,Decimal,Yes,GIR/GloBEComputation/GloBEIncome/FANI,Financial System,Local Finance,Critical,Any value,Starting point,Not Started
S3-002,Section 3,3.1 GloBE Income,NetTaxExpense,Income tax expense per accounts,Decimal,Yes,GIR/GloBEComputation/GloBEIncome/TaxExpense,Financial System,Local Finance,Critical,Any value,Current + Deferred,Not Started
S3-003,Section 3,3.1 GloBE Income,ExcludedDividends,Dividends to be excluded,Decimal,Yes,GIR/GloBEComputation/GloBEIncome/ExclDividends,Financial System,Local Finance,High,>= 0,Article 3.2.1(a),Not Started
S3-004,Section 3,3.1 GloBE Income,ExcludedEquityGainsLosses,Equity gains/losses to be excluded,Decimal,Yes,GIR/GloBEComputation/GloBEIncome/ExclEquity,Financial System,Local Finance,High,Any value,Article 3.2.1(b),Not Started
S3-005,Section 3,3.1 GloBE Income,IncludedRecharacterisedIncome,Recharacterised income to include,Decimal,Yes,GIR/GloBEComputation/GloBEIncome/RecharIncome,GIR Calculation,Group Tax,High,Any value,Article 3.2.2,Not Started
S3-006,Section 3,3.1 GloBE Income,ExcludedInternationalShipping,International shipping income excluded,Decimal,Yes,GIR/GloBEComputation/GloBEIncome/ExclShipping,Financial System,Local Finance,High,>= 0,Article 3.3,Not Started
S3-007,Section 3,3.1 GloBE Income,AsymmetricForeignCurrencyAdj,Asymmetric foreign currency adjustments,Decimal,Yes,GIR/GloBEComputation/GloBEIncome/FXAdj,GIR Calculation,Group Tax,Medium,Any value,Article 3.2.1(c),Not Started
S3-008,Section 3,3.1 GloBE Income,PolicyDisallowedExpenses,Policy disallowed expenses add-back,Decimal,Yes,GIR/GloBEComputation/GloBEIncome/PolicyExp,GIR Calculation,Group Tax,Medium,>= 0,Article 3.2.1(d),Not Started
S3-009,Section 3,3.1 GloBE Income,PriorPeriodErrors,Prior period error adjustments,Decimal,Yes,GIR/GloBEComputation/GloBEIncome/PriorErrors,GIR Calculation,Group Tax,Medium,Any value,Article 3.2.1(e),Not Started
S3-010,Section 3,3.1 GloBE Income,AccruedPensionExpense,Accrued pension expense adjustment,Decimal,Yes,GIR/GloBEComputation/GloBEIncome/PensionAdj,Financial System,Local Finance,Medium,Any value,Article 3.2.1(f),Not Started
S3-011,Section 3,3.1 GloBE Income,StockBasedCompensation,Stock-based compensation adjustment,Decimal,Yes,GIR/GloBEComputation/GloBEIncome/SBC,Financial System,Local Finance,Medium,Any value,Article 3.2.2,Not Started
S3-012,Section 3,3.1 GloBE Income,FairValueAccountingAdj,Fair value accounting adjustments,Decimal,Yes,GIR/GloBEComputation/GloBEIncome/FairValue,GIR Calculation,Group Tax,Medium,Any value,Article 3.2.1(g),Not Started
S3-013,Section 3,3.1 GloBE Income,AssetDisposalGainsLosses,Gains/losses on asset disposal,Decimal,Yes,GIR/GloBEComputation/GloBEIncome/AssetDisposal,Financial System,Local Finance,Medium,Any value,Article 3.2.1(h),Not Started
S3-014,Section 3,3.1 GloBE Income,IntraGroupTransactions,Intra-group transaction adjustments,Decimal,Yes,GIR/GloBEComputation/GloBEIncome/IntraGroup,Consolidation System,Group Finance,High,Any value,Arm's length,Not Started
S3-015,Section 3,3.1 GloBE Income,InsuranceCompanyAdj,Insurance company specific adjustments,Decimal,Conditional,GIR/GloBEComputation/GloBEIncome/Insurance,Financial System,Local Finance,Medium,Any value,If insurance CE,Not Started
S3-016,Section 3,3.1 GloBE Income,AdjustedGloBEIncome,Total GloBE Income after adjustments,Decimal,Yes,GIR/GloBEComputation/GloBEIncome/Adjusted,GIR Calculation,Group Tax,Critical,Any value,Sum of above,Not Started
S3-017,Section 3,3.1 GloBE Income,GloBELossCarryforward,GloBE Loss carried forward,Decimal,Yes,GIR/GloBEComputation/GloBEIncome/LossCF,GIR Calculation,Group Tax,High,>= 0,Prior year losses,Not Started
S3-018,Section 3,3.1 GloBE Income,NetGloBEIncomeAfterLoss,GloBE Income after loss offset,Decimal,Yes,GIR/GloBEComputation/GloBEIncome/NetIncome,GIR Calculation,Group Tax,Critical,Any value,For ETR calc,Not Started
S3-019,Section 3,3.2 Article 3.2 Adj,Art321aDividendExclusion,Article 3.2.1(a) dividend exclusion,Decimal,Yes,GIR/GloBEComputation/Art32/Dividends,GIR Calculation,Group Tax,High,>= 0,Portfolio dividends,Not Started
S3-020,Section 3,3.2 Article 3.2 Adj,Art321bEquityExclusion,Article 3.2.1(b) equity exclusion,Decimal,Yes,GIR/GloBEComputation/Art32/Equity,GIR Calculation,Group Tax,High,Any value,Ownership interest,Not Started
S3-021,Section 3,3.2 Article 3.2 Adj,Art321cForeignCurrency,Article 3.2.1(c) FX adjustments,Decimal,Yes,GIR/GloBEComputation/Art32/FX,GIR Calculation,Group Tax,Medium,Any value,Asymmetric gains,Not Started
S3-022,Section 3,3.2 Article 3.2 Adj,Art321dPolicyExpenses,Article 3.2.1(d) policy expenses,Decimal,Yes,GIR/GloBEComputation/Art32/Policy,GIR Calculation,Group Tax,Medium,>= 0,Illegal payments etc,Not Started
S3-023,Section 3,3.2 Article 3.2 Adj,Art321ePriorPeriod,Article 3.2.1(e) prior period errors,Decimal,Yes,GIR/GloBEComputation/Art32/PriorPeriod,GIR Calculation,Group Tax,Medium,Any value,Material errors,Not Started
S3-024,Section 3,3.2 Article 3.2 Adj,Art321fPensionLiability,Article 3.2.1(f) pension adjustment,Decimal,Yes,GIR/GloBEComputation/Art32/Pension,GIR Calculation,Group Tax,Medium,Any value,Funding vs accrual,Not Started
S3-025,Section 3,3.2 Article 3.2 Adj,Art322StockCompensation,Article 3.2.2 stock compensation,Decimal,Yes,GIR/GloBEComputation/Art32/Stock,GIR Calculation,Group Tax,Medium,Any value,Election available,Not Started
S3-026,Section 3,3.2 Article 3.2 Adj,Art323AsymmetricGains,Article 3.2.3 asymmetric gains,Decimal,Yes,GIR/GloBEComputation/Art32/AsymGains,GIR Calculation,Group Tax,Medium,Any value,Fair value option,Not Started
S3-027,Section 3,3.2 Article 3.2 Adj,Art324QualifyingRefTax,Article 3.2.4 refundable tax credits,Decimal,Yes,GIR/GloBEComputation/Art32/QRTC,GIR Calculation,Group Tax,High,>= 0,Treated as income,Not Started
S3-028,Section 3,3.2 Article 3.2 Adj,TotalArticle32Adjustments,Total Article 3.2 adjustments,Decimal,Yes,GIR/GloBEComputation/Art32/Total,GIR Calculation,Group Tax,Critical,Any value,Sum of adjustments,Not Started
S3-029,Section 3,3.3 Covered Taxes,CurrentTaxExpense,Current tax expense per accounts,Decimal,Yes,GIR/GloBEComputation/CoveredTaxes/CurrentTax,Tax Provision,Local Tax,Critical,Any value,P&L current tax,Not Started
S3-030,Section 3,3.3 Covered Taxes,DeferredTaxExpense,Deferred tax expense per accounts,Decimal,Yes,GIR/GloBEComputation/CoveredTaxes/DeferredTax,Tax Provision,Local Tax,Critical,Any value,P&L deferred tax,Not Started
S3-031,Section 3,3.3 Covered Taxes,TaxesRecordedInOCI,Taxes recorded in OCI,Decimal,Yes,GIR/GloBEComputation/CoveredTaxes/OCI,Tax Provision,Local Tax,Medium,Any value,Other comprehensive,Not Started
S3-032,Section 3,3.3 Covered Taxes,TaxesRecordedInEquity,Taxes recorded directly in equity,Decimal,Yes,GIR/GloBEComputation/CoveredTaxes/Equity,Tax Provision,Local Tax,Medium,Any value,Equity movements,Not Started
S3-033,Section 3,3.3 Covered Taxes,QualifiedDomesticMinTax,Qualified Domestic Minimum Tax,Decimal,Yes,GIR/GloBEComputation/CoveredTaxes/QDMTT,Tax Provision,Local Tax,Critical,>= 0,Local top-up,Not Started
S3-034,Section 3,3.3 Covered Taxes,QualifiedIIR,Qualified IIR tax paid,Decimal,Yes,GIR/GloBEComputation/CoveredTaxes/IIR,Tax Provision,Local Tax,Critical,>= 0,Parent jurisdiction,Not Started
S3-035,Section 3,3.3 Covered Taxes,QualifiedUTPR,Qualified UTPR tax paid,Decimal,Yes,GIR/GloBEComputation/CoveredTaxes/UTPR,Tax Provision,Local Tax,Critical,>= 0,Backstop tax,Not Started
S3-036,Section 3,3.3 Covered Taxes,WithholdingTaxesPaid,Withholding taxes included,Decimal,Yes,GIR/GloBEComputation/CoveredTaxes/WHT,Tax Provision,Local Tax,High,>= 0,Source taxes,Not Started
S3-037,Section 3,3.3 Covered Taxes,TaxesOnExcludedIncome,Taxes on excluded income,Decimal,Yes,GIR/GloBEComputation/CoveredTaxes/ExclIncome,GIR Calculation,Group Tax,High,Any value,To be removed,Not Started
S3-038,Section 3,3.3 Covered Taxes,TaxesOnUncertainPositions,Uncertain tax position taxes,Decimal,Yes,GIR/GloBEComputation/CoveredTaxes/UTP,Tax Provision,Local Tax,High,Any value,If recognized,Not Started
S3-039,Section 3,3.3 Covered Taxes,TaxCreditsNotQRTC,Non-QRTC tax credits,Decimal,Yes,GIR/GloBEComputation/CoveredTaxes/NonQRTC,Tax Provision,Local Tax,High,>= 0,Reduce covered taxes,Not Started
S3-040,Section 3,3.3 Covered Taxes,NonCoveredTaxesExcluded,Taxes not meeting covered tax criteria,Decimal,Yes,GIR/GloBEComputation/CoveredTaxes/NonCovered,GIR Calculation,Group Tax,High,>= 0,E.g. non-income taxes,Not Started
S3-041,Section 3,3.3 Covered Taxes,AdjustedCoveredTaxes,Total Adjusted Covered Taxes,Decimal,Yes,GIR/GloBEComputation/CoveredTaxes/Adjusted,GIR Calculation,Group Tax,Critical,Any value,For ETR numerator,Not Started
S3-042,Section 3,3.4 Deferred Tax,DTLOpeningBalance,Opening DTL balance,Decimal,Yes,GIR/GloBEComputation/DeferredTax/DTLOpening,Tax Provision,Local Tax,High,Any value,Prior year end,Not Started
S3-043,Section 3,3.4 Deferred Tax,DTAOpeningBalance,Opening DTA balance,Decimal,Yes,GIR/GloBEComputation/DeferredTax/DTAOpening,Tax Provision,Local Tax,High,Any value,Prior year end,Not Started
S3-044,Section 3,3.4 Deferred Tax,DTLMovementInYear,DTL movements in year,Decimal,Yes,GIR/GloBEComputation/DeferredTax/DTLMovement,Tax Provision,Local Tax,High,Any value,Increase/decrease,Not Started
S3-045,Section 3,3.4 Deferred Tax,DTAMovementInYear,DTA movements in year,Decimal,Yes,GIR/GloBEComputation/DeferredTax/DTAMovement,Tax Provision,Local Tax,High,Any value,Increase/decrease,Not Started
S3-046,Section 3,3.4 Deferred Tax,DTLClosingBalance,Closing DTL balance,Decimal,Yes,GIR/GloBEComputation/DeferredTax/DTLClosing,Tax Provision,Local Tax,High,Any value,Current year end,Not Started
S3-047,Section 3,3.4 Deferred Tax,DTAClosingBalance,Closing DTA balance,Decimal,Yes,GIR/GloBEComputation/DeferredTax/DTAClosing,Tax Provision,Local Tax,High,Any value,Current year end,Not Started
S3-048,Section 3,3.4 Deferred Tax,RecapturedDTL,DTL recapture amount,Decimal,Yes,GIR/GloBEComputation/DeferredTax/Recapture,GIR Calculation,Group Tax,Critical,>= 0,5-year tracking,Not Started
S3-049,Section 3,3.4 Deferred Tax,DTLRecaptureYear,Year of original DTL recognition,Integer,Conditional,GIR/GloBEComputation/DeferredTax/RecaptureYear,GIR Calculation,Group Tax,High,Valid year,If recapture,Not Started
S3-050,Section 3,3.4 Deferred Tax,DTLRecaptureReason,Reason for DTL recapture,Enumeration,Conditional,GIR/GloBEComputation/DeferredTax/RecaptureReason,GIR Calculation,Group Tax,High,Disposal/Write-off/Other,Documentation,Not Started
S3-051,Section 3,3.4 Deferred Tax,DTARateAdjustment,DTA rate adjustment to 15%,Decimal,Yes,GIR/GloBEComputation/DeferredTax/DTARateAdj,GIR Calculation,Group Tax,High,Any value,Cap at 15%,Not Started
S3-052,Section 3,3.4 Deferred Tax,DTLRateAdjustment,DTL rate adjustment to 15%,Decimal,Yes,GIR/GloBEComputation/DeferredTax/DTLRateAdj,GIR Calculation,Group Tax,High,Any value,Cap at 15%,Not Started
S3-053,Section 3,3.4 Deferred Tax,ValuationAllowanceAdj,Valuation allowance adjustment,Decimal,Yes,GIR/GloBEComputation/DeferredTax/ValuationAdj,GIR Calculation,Group Tax,Medium,Any value,If applicable,Not Started
S3-054,Section 3,3.4 Deferred Tax,TotalDTAAdjustment,Total DTA for Covered Taxes,Decimal,Yes,GIR/GloBEComputation/DeferredTax/TotalDTA,GIR Calculation,Group Tax,Critical,Any value,Adjusted amount,Not Started
S3-055,Section 3,3.4 Deferred Tax,TotalDTLAdjustment,Total DTL for Covered Taxes,Decimal,Yes,GIR/GloBEComputation/DeferredTax/TotalDTL,GIR Calculation,Group Tax,Critical,Any value,Adjusted amount,Not Started
S3-056,Section 3,3.5 DTL Tracking,DTLItemDescription,Description of DTL item,String,Yes,GIR/GloBEComputation/DTLTracking/Description,Tax Provision,Local Tax,High,Non-empty string,Per item row,Not Started
S3-057,Section 3,3.5 DTL Tracking,DTLItemOriginYear,Year DTL item originated,Integer,Yes,GIR/GloBEComputation/DTLTracking/OriginYear,Tax Provision,Local Tax,High,Valid fiscal year,For 5-year rule,Not Started
S3-058,Section 3,3.5 DTL Tracking,DTLItemOriginalAmount,Original DTL amount,Decimal,Yes,GIR/GloBEComputation/DTLTracking/OriginalAmt,Tax Provision,Local Tax,High,>= 0,When recognized,Not Started
S3-059,Section 3,3.5 DTL Tracking,DTLItemCurrentBalance,Current DTL balance,Decimal,Yes,GIR/GloBEComputation/DTLTracking/CurrentBal,Tax Provision,Local Tax,High,>= 0,End of period,Not Started
S3-060,Section 3,3.5 DTL Tracking,DTLItemReversedAmount,Amount reversed in year,Decimal,Yes,GIR/GloBEComputation/DTLTracking/Reversed,GIR Calculation,Group Tax,High,>= 0,Monitoring,Not Started
S3-061,Section 3,3.5 DTL Tracking,DTLItemYearsRemaining,Years remaining before recapture,Integer,Yes,GIR/GloBEComputation/DTLTracking/YearsLeft,GIR Calculation,Group Tax,High,0-5,5-year rule,Not Started
S3-062,Section 3,3.5 DTL Tracking,DTLItemRecaptureRequired,Recapture required this year,Boolean,Yes,GIR/GloBEComputation/DTLTracking/RecaptureReq,GIR Calculation,Group Tax,Critical,True/False,If YearsLeft=0,Not Started
S3-063,Section 3,3.5 DTL Tracking,DTLItemRecaptureAmount,Amount to recapture,Decimal,Conditional,GIR/GloBEComputation/DTLTracking/RecaptureAmt,GIR Calculation,Group Tax,Critical,>= 0,If required,Not Started
S3-064,Section 3,3.5 DTL Tracking,DTLItemCategory,Category of DTL item,Enumeration,Yes,GIR/GloBEComputation/DTLTracking/Category,Tax Provision,Local Tax,Medium,Depreciation/Amort/Other,Classification,Not Started
S3-065,Section 3,3.5 DTL Tracking,DTLItemRelatedAsset,Related asset if applicable,String,No,GIR/GloBEComputation/DTLTracking/Asset,Tax Provision,Local Tax,Low,Asset identifier,Cross-reference,Not Started
S3-066,Section 3,3.6 ETR Calculation,JurisdictionAdjustedCoveredTaxes,Total adjusted covered taxes,Decimal,Yes,GIR/GloBEComputation/ETR/AdjCoveredTaxes,GIR Calculation,Group Tax,Critical,Any value,Numerator,Not Started
S3-067,Section 3,3.6 ETR Calculation,JurisdictionGloBEIncome,Total GloBE income for jurisdiction,Decimal,Yes,GIR/GloBEComputation/ETR/GloBEIncome,GIR Calculation,Group Tax,Critical,Any value,Denominator,Not Started
S3-068,Section 3,3.6 ETR Calculation,JurisdictionETR,Calculated ETR percentage,Decimal,Yes,GIR/GloBEComputation/ETR/Rate,GIR Calculation,Group Tax,Critical,Percentage,Tax/Income,Not Started
S3-069,Section 3,3.6 ETR Calculation,MinimumTaxRate,Minimum tax rate (15%),Decimal,Yes,GIR/GloBEComputation/ETR/MinRate,Reference Data,Group Tax,Critical,15,Fixed rate,Not Started
S3-070,Section 3,3.6 ETR Calculation,TopUpTaxPercentage,Top-up tax percentage,Decimal,Yes,GIR/GloBEComputation/ETR/TopUpPct,GIR Calculation,Group Tax,Critical,>= 0,15% - ETR,Not Started
S3-071,Section 3,3.6 ETR Calculation,ETRBelowMinimum,ETR below 15% indicator,Boolean,Yes,GIR/GloBEComputation/ETR/BelowMin,GIR Calculation,Group Tax,Critical,True/False,Triggers top-up,Not Started
S3-072,Section 3,3.6 ETR Calculation,GloBELossJurisdiction,Jurisdiction in GloBE loss position,Boolean,Yes,GIR/GloBEComputation/ETR/LossPosition,GIR Calculation,Group Tax,High,True/False,No ETR calc,Not Started
S3-073,Section 3,3.6 ETR Calculation,ExcessNegativeTax,Excess negative tax amount,Decimal,Yes,GIR/GloBEComputation/ETR/ExcessNegTax,GIR Calculation,Group Tax,High,>= 0,Carryforward,Not Started
S3-074,Section 3,3.6 ETR Calculation,AdditionalCurrentTopUpTax,Additional current top-up tax,Decimal,Yes,GIR/GloBEComputation/ETR/AddlTopUp,GIR Calculation,Group Tax,High,>= 0,Prior year adj,Not Started
S3-075,Section 3,3.6 ETR Calculation,TotalTopUpTaxBeforeSBIE,Top-up tax before SBIE reduction,Decimal,Yes,GIR/GloBEComputation/ETR/TopUpPreSBIE,GIR Calculation,Group Tax,Critical,>= 0,Gross amount,Not Started
S3-076,Section 3,3.7 SBIE,EligiblePayrollCosts,Total eligible payroll costs,Decimal,Yes,GIR/GloBEComputation/SBIE/Payroll,Financial System,Local Finance,Critical,>= 0,Defined categories,Not Started
S3-077,Section 3,3.7 SBIE,PayrollCarveOutRate,Payroll carve-out rate,Decimal,Yes,GIR/GloBEComputation/SBIE/PayrollRate,Reference Data,Group Tax,Critical,Percentage,Transitional 9.8% for 2024,Not Started
S3-078,Section 3,3.7 SBIE,PayrollCarveOutAmount,Payroll carve-out amount,Decimal,Yes,GIR/GloBEComputation/SBIE/PayrollCarveOut,GIR Calculation,Group Tax,Critical,>= 0,Payroll x Rate,Not Started
S3-079,Section 3,3.7 SBIE,TangibleAssetValue,Carrying value of tangible assets,Decimal,Yes,GIR/GloBEComputation/SBIE/TangibleAssets,Financial System,Local Finance,Critical,>= 0,Year-end or average,Not Started
S3-080,Section 3,3.7 SBIE,TangibleAssetCarveOutRate,Tangible asset carve-out rate,Decimal,Yes,GIR/GloBEComputation/SBIE/TangibleRate,Reference Data,Group Tax,Critical,Percentage,Transitional 7.8% for 2024,Not Started
S3-081,Section 3,3.7 SBIE,TangibleAssetCarveOutAmount,Tangible asset carve-out amount,Decimal,Yes,GIR/GloBEComputation/SBIE/TangibleCarveOut,GIR Calculation,Group Tax,Critical,>= 0,Assets x Rate,Not Started
S3-082,Section 3,3.7 SBIE,TotalSBIEAmount,Total SBIE amount,Decimal,Yes,GIR/GloBEComputation/SBIE/Total,GIR Calculation,Group Tax,Critical,>= 0,Payroll + Tangible,Not Started
S3-083,Section 3,3.7 SBIE,EligibleEmployeesCount,Number of eligible employees,Integer,Yes,GIR/GloBEComputation/SBIE/EmployeeCount,HR System,Local HR,Medium,Positive integer,For payroll,Not Started
S3-084,Section 3,3.7 SBIE,EmployeeLocationVerified,Employee location verified,Boolean,Yes,GIR/GloBEComputation/SBIE/LocationVerified,HR System,Local HR,High,True/False,In jurisdiction,Not Started
S3-085,Section 3,3.7 SBIE,TangibleAssetTypes,Categories of tangible assets,String,Yes,GIR/GloBEComputation/SBIE/AssetTypes,Fixed Asset System,Local Finance,Medium,Asset categories,PPE breakdown,Not Started
S3-086,Section 3,3.7 SBIE,SBIEExceededGloBEIncome,SBIE exceeds GloBE income indicator,Boolean,Yes,GIR/GloBEComputation/SBIE/ExceedsIncome,GIR Calculation,Group Tax,High,True/False,No top-up if True,Not Started
S3-087,Section 3,3.8 Top-Up Tax,ExcessProfitAmount,Excess profit (GloBE Income - SBIE),Decimal,Yes,GIR/GloBEComputation/TopUp/ExcessProfit,GIR Calculation,Group Tax,Critical,Any value,May be negative,Not Started
S3-088,Section 3,3.8 Top-Up Tax,TopUpTaxAmount,Calculated top-up tax amount,Decimal,Yes,GIR/GloBEComputation/TopUp/Amount,GIR Calculation,Group Tax,Critical,>= 0,Excess x TopUp%,Not Started
S3-089,Section 3,3.8 Top-Up Tax,QDMTTCreditAmount,QDMTT credit applied,Decimal,Yes,GIR/GloBEComputation/TopUp/QDMTTCredit,GIR Calculation,Group Tax,Critical,>= 0,Reduces IIR/UTPR,Not Started
S3-090,Section 3,3.8 Top-Up Tax,NetTopUpTaxAfterQDMTT,Net top-up after QDMTT,Decimal,Yes,GIR/GloBEComputation/TopUp/NetAfterQDMTT,GIR Calculation,Group Tax,Critical,>= 0,For allocation,Not Started
S3-091,Section 3,3.8 Top-Up Tax,TopUpTaxAllocationMethod,Allocation method (IIR/UTPR),Enumeration,Yes,GIR/GloBEComputation/TopUp/AllocMethod,GIR Configuration,Group Tax,Critical,IIR or UTPR,Priority order,Not Started
S3-092,Section 3,3.8 Top-Up Tax,AdditionalTopUpTaxAdjustment,Additional top-up adjustment,Decimal,Yes,GIR/GloBEComputation/TopUp/AddlAdjust,GIR Calculation,Group Tax,High,Any value,Prior year true-up,Not Started
S3-093,Section 3,3.8 Top-Up Tax,FinalTopUpTaxLiability,Final top-up tax liability,Decimal,Yes,GIR/GloBEComputation/TopUp/FinalLiability,GIR Calculation,Group Tax,Critical,>= 0,Amount to allocate,Not Started
S3-094,Section 3,3.9 IIR Allocation,IIRApplicable,IIR applies to jurisdiction,Boolean,Yes,GIR/GloBEComputation/IIR/Applicable,GIR Analysis,Group Tax,Critical,True/False,Parent has QIIR,Not Started
S3-095,Section 3,3.9 IIR Allocation,IIRParentEntity,Parent entity applying IIR,String,Yes,GIR/GloBEComputation/IIR/ParentEntity,Legal Entity Master,Group Tax,Critical,Entity name,Charging entity,Not Started
S3-096,Section 3,3.9 IIR Allocation,IIROwnershipPercentage,Ownership % for IIR allocation,Decimal,Yes,GIR/GloBEComputation/IIR/OwnershipPct,Legal Entity Master,Group Tax,Critical,0-100 percentage,Allocable share,Not Started
S3-097,Section 3,3.9 IIR Allocation,IIRAllocableTopUpTax,Top-up tax allocable via IIR,Decimal,Yes,GIR/GloBEComputation/IIR/AllocableAmount,GIR Calculation,Group Tax,Critical,>= 0,After QDMTT,Not Started
S3-098,Section 3,3.9 IIR Allocation,IIRAllocatedAmount,IIR amount allocated,Decimal,Yes,GIR/GloBEComputation/IIR/AllocatedAmount,GIR Calculation,Group Tax,Critical,>= 0,Per ownership,Not Started
S3-099,Section 3,3.9 IIR Allocation,IIROffsetAgainstUTPR,IIR offsets UTPR,Boolean,Yes,GIR/GloBEComputation/IIR/OffsetsUTPR,GIR Calculation,Group Tax,High,True/False,Priority rule,Not Started
S3-100,Section 3,3.9 IIR Allocation,IIRPayingJurisdiction,Jurisdiction paying IIR,Country Code,Yes,GIR/GloBEComputation/IIR/PayingJuris,GIR Calculation,Group Tax,Critical,ISO 3166-1 alpha-2,Where charged,Not Started
S3-101,Section 3,3.10 UTPR Allocation,UTPRApplicable,UTPR applies to jurisdiction,Boolean,Yes,GIR/GloBEComputation/UTPR/Applicable,GIR Analysis,Group Tax,Critical,True/False,Backstop mechanism,Not Started
S3-102,Section 3,3.10 UTPR Allocation,UTPRResidualTopUp,Residual top-up for UTPR,Decimal,Yes,GIR/GloBEComputation/UTPR/ResidualAmount,GIR Calculation,Group Tax,Critical,>= 0,After IIR,Not Started
S3-103,Section 3,3.10 UTPR Allocation,UTPREmployeeCount,Employee count for UTPR allocation,Integer,Yes,GIR/GloBEComputation/UTPR/EmployeeCount,HR System,Group Tax,High,Positive integer,Allocation factor,Not Started
S3-104,Section 3,3.10 UTPR Allocation,UTPRTangibleAssets,Tangible assets for UTPR allocation,Decimal,Yes,GIR/GloBEComputation/UTPR/TangibleAssets,Financial System,Group Tax,High,>= 0,Allocation factor,Not Started
S3-105,Section 3,3.10 UTPR Allocation,UTPREmployeePercentage,Employee percentage of total,Decimal,Yes,GIR/GloBEComputation/UTPR/EmployeePct,GIR Calculation,Group Tax,High,0-100 percentage,Weighted 50%,Not Started
S3-106,Section 3,3.10 UTPR Allocation,UTPRAssetPercentage,Asset percentage of total,Decimal,Yes,GIR/GloBEComputation/UTPR/AssetPct,GIR Calculation,Group Tax,High,0-100 percentage,Weighted 50%,Not Started
S3-107,Section 3,3.10 UTPR Allocation,UTPRAllocationPercentage,Combined UTPR allocation %,Decimal,Yes,GIR/GloBEComputation/UTPR/AllocationPct,GIR Calculation,Group Tax,Critical,0-100 percentage,50/50 blend,Not Started
S3-108,Section 3,3.10 UTPR Allocation,UTPRAllocatedAmount,UTPR amount allocated,Decimal,Yes,GIR/GloBEComputation/UTPR/AllocatedAmount,GIR Calculation,Group Tax,Critical,>= 0,Per allocation %,Not Started
S3-109,Section 3,3.10 UTPR Allocation,UTPRPayingJurisdiction,Jurisdiction paying UTPR,Country Code,Yes,GIR/GloBEComputation/UTPR/PayingJuris,GIR Calculation,Group Tax,Critical,ISO 3166-1 alpha-2,Where charged,Not Started
S3-110,Section 3,3.10 UTPR Allocation,UTPRPayingEntity,Entity paying UTPR,String,Yes,GIR/GloBEComputation/UTPR/PayingEntity,GIR Calculation,Group Tax,Critical,Entity name,Charged CE,Not Started
S3-111,Section 3,3.11 Elections,Art321bEquityMethodElection,Article 3.2.1(b) equity method election,Boolean,No,GIR/Elections/Art321b,GIR Configuration,Group Tax,Medium,True/False,5-year binding,Not Started
S3-112,Section 3,3.11 Elections,Art322StockCompElection,Article 3.2.2 stock comp election,Boolean,No,GIR/Elections/Art322,GIR Configuration,Group Tax,Medium,True/False,Deduction method,Not Started
S3-113,Section 3,3.11 Elections,Art323AssetGainLossElection,Article 3.2.3 asset gain/loss election,Boolean,No,GIR/Elections/Art323,GIR Configuration,Group Tax,Medium,True/False,Realization basis,Not Started
S3-114,Section 3,3.11 Elections,QRTCElection,QRTC election for tax credits,Boolean,No,GIR/Elections/QRTC,GIR Configuration,Group Tax,High,True/False,Include as income,Not Started
S3-115,Section 3,3.11 Elections,NetTaxEquityElection,Net tax equity election,Boolean,No,GIR/Elections/NetTaxEquity,GIR Configuration,Group Tax,Medium,True/False,For partnerships,Not Started
S3-116,Section 3,3.11 Elections,ShortTermPortfolioElection,Short-term portfolio shareholding,Boolean,No,GIR/Elections/ShortTermPortfolio,GIR Configuration,Group Tax,Medium,True/False,< 1 year holdings,Not Started
S3-117,Section 3,3.11 Elections,DistributionTaxSystemElection,Distribution tax system election,Boolean,No,GIR/Elections/DistTaxSystem,GIR Configuration,Group Tax,Medium,True/False,Specific jurisdictions,Not Started
S3-118,Section 3,3.11 Elections,IneligiblePaymentElection,Ineligible payment election,Boolean,No,GIR/Elections/IneligiblePayment,GIR Configuration,Group Tax,Medium,True/False,Loss allocation,Not Started
S3-119,Section 3,3.11 Elections,ExcludedEntitiesElection,Excluded entities election,Boolean,No,GIR/Elections/ExcludedEntities,GIR Configuration,Group Tax,High,True/False,Investment/pension,Not Started
S3-120,Section 3,3.11 Elections,ElectionEffectiveDate,Date elections take effect,Date,Conditional,GIR/Elections/EffectiveDate,GIR Configuration,Group Tax,High,Valid date format,From fiscal year,Not Started
S3-121,Section 3,3.11 Elections,ElectionRevocationDate,Date elections revoked,Date,Conditional,GIR/Elections/RevocationDate,GIR Configuration,Group Tax,Medium,Valid date format,If revoked,Not Started
S3-122,Section 3,3.11 Elections,ElectionBindingPeriod,Binding period for elections,Integer,Conditional,GIR/Elections/BindingPeriod,Reference Data,Group Tax,Medium,Years,Usually 5,Not Started
S3-123,Section 3,3.11 Elections,ElectionDocumentation,Documentation of elections,String,Conditional,GIR/Elections/Documentation,Document Management,Group Tax,Medium,File reference,Board resolution,Not Started
S3-124,Section 3,3.11 Elections,TransitionElection,Transitional election applied,Boolean,No,GIR/Elections/Transitional,GIR Configuration,Group Tax,High,True/False,Initial period,Not Started
S3-125,Section 3,3.11 Elections,SBIETransitionRateElection,SBIE transitional rate election,Boolean,No,GIR/Elections/SBIETransition,GIR Configuration,Group Tax,High,True/False,Higher rates,Not Started
S3-126,Section 3,3.12 Transitional,TransitionYearIndicator,Is this a transition year,Boolean,Yes,GIR/Transitional/IsTransitionYear,GIR Configuration,Group Tax,Critical,True/False,First GloBE year,Not Started
S3-127,Section 3,3.12 Transitional,TransitionYearNumber,Transition year number (1-10),Integer,Conditional,GIR/Transitional/YearNumber,GIR Configuration,Group Tax,High,1-10,For rate phase-in,Not Started
S3-128,Section 3,3.12 Transitional,OpeningDTLTransition,Opening DTL at transition,Decimal,Conditional,GIR/Transitional/OpeningDTL,Tax Provision,Local Tax,High,Any value,Starting position,Not Started
S3-129,Section 3,3.12 Transitional,OpeningDTATransition,Opening DTA at transition,Decimal,Conditional,GIR/Transitional/OpeningDTA,Tax Provision,Local Tax,High,Any value,Starting position,Not Started
S3-130,Section 3,3.12 Transitional,GloBELossOpeningBalance,Opening GloBE loss balance,Decimal,Conditional,GIR/Transitional/OpeningLoss,GIR Calculation,Group Tax,High,>= 0,From prior period,Not Started
S3-131,Section 3,3.12 Transitional,TransitionalRateApplicable,Transitional rates apply,Boolean,Yes,GIR/Transitional/RatesApply,GIR Configuration,Group Tax,High,True/False,SBIE phase-in,Not Started
S3-132,Section 3,3.12 Transitional,SBIEPayrollTransitionRate,SBIE payroll transitional rate,Decimal,Conditional,GIR/Transitional/PayrollRate,Reference Data,Group Tax,High,Percentage,Phase-in rate,Not Started
S3-133,Section 3,3.12 Transitional,SBIETangibleTransitionRate,SBIE tangible transitional rate,Decimal,Conditional,GIR/Transitional/TangibleRate,Reference Data,Group Tax,High,Percentage,Phase-in rate,Not Started
S3-134,Section 3,3.12 Transitional,TCbCRSafeHarbourAvailable,TCbCR Safe Harbour available,Boolean,Yes,GIR/Transitional/TCbCRAvailable,Reference Data,Group Tax,High,True/False,Through 2026,Not Started
S3-135,Section 3,3.12 Transitional,UTPRSafeHarbourAvailable,UTPR Safe Harbour available,Boolean,Yes,GIR/Transitional/UTPRSHAvailable,Reference Data,Group Tax,High,True/False,Initial periods,Not Started
S3-136,Section 3,3.13 Misc Adj,RefundableTaxCredits,Refundable tax credits received,Decimal,Yes,GIR/MiscAdj/RefundableCredits,Tax Provision,Local Tax,High,>= 0,Government grants,Not Started
S3-137,Section 3,3.13 Misc Adj,NonRefundableTaxCredits,Non-refundable tax credits,Decimal,Yes,GIR/MiscAdj/NonRefundableCredits,Tax Provision,Local Tax,High,>= 0,Reduce tax only,Not Started
S3-138,Section 3,3.13 Misc Adj,QRTCsIdentified,Qualified refundable tax credits,Decimal,Yes,GIR/MiscAdj/QRTCs,GIR Calculation,Group Tax,High,>= 0,Per Article 3.2.4,Not Started
S3-139,Section 3,3.13 Misc Adj,MarketableTransferableCredits,Marketable transferable credits,Decimal,Yes,GIR/MiscAdj/MTCredits,GIR Calculation,Group Tax,High,>= 0,QRTC treatment,Not Started
S3-140,Section 3,3.13 Misc Adj,FlowThroughEntityAdj,Flow-through entity adjustments,Decimal,Yes,GIR/MiscAdj/FlowThrough,GIR Calculation,Group Tax,High,Any value,Partnership/JV,Not Started
S3-141,Section 3,3.13 Misc Adj,HybridEntityAdj,Hybrid entity adjustments,Decimal,Yes,GIR/MiscAdj/Hybrid,GIR Calculation,Group Tax,High,Any value,Mismatch,Not Started
S3-142,Section 3,3.13 Misc Adj,StatelessIncomeAdj,Stateless income adjustments,Decimal,Yes,GIR/MiscAdj/Stateless,GIR Calculation,Group Tax,Medium,Any value,Allocation,Not Started
S3-143,Section 3,3.13 Misc Adj,PermanentEstablishmentAdj,PE income/tax adjustments,Decimal,Yes,GIR/MiscAdj/PE,GIR Calculation,Group Tax,High,Any value,Branch attribution,Not Started
S3-144,Section 3,3.13 Misc Adj,JointVentureAdj,Joint venture specific adjustments,Decimal,Yes,GIR/MiscAdj/JV,GIR Calculation,Group Tax,High,Any value,MNES with JVs,Not Started
S3-145,Section 3,3.13 Misc Adj,InvestmentEntityAdj,Investment entity adjustments,Decimal,Yes,GIR/MiscAdj/InvestmentEntity,GIR Calculation,Group Tax,Medium,Any value,Special rules,Not Started
S3-146,Section 3,3.13 Misc Adj,InsuranceEntityAdj,Insurance entity adjustments,Decimal,Yes,GIR/MiscAdj/Insurance,GIR Calculation,Group Tax,Medium,Any value,Technical provisions,Not Started
S3-147,Section 3,3.13 Misc Adj,ReorganizationAdj,Corporate reorganization adjustments,Decimal,Yes,GIR/MiscAdj/Reorg,GIR Calculation,Group Tax,High,Any value,M&A impacts,Not Started
S3-148,Section 3,3.13 Misc Adj,DisposalAdjustments,Disposal event adjustments,Decimal,Yes,GIR/MiscAdj/Disposal,GIR Calculation,Group Tax,High,Any value,Exit events,Not Started
S3-149,Section 3,3.13 Misc Adj,CurrencyTranslationAdj,Currency translation adjustments,Decimal,Yes,GIR/MiscAdj/Currency,GIR Calculation,Group Tax,Medium,Any value,FX impacts,Not Started
S3-150,Section 3,3.13 Misc Adj,OtherAdjustments,Other miscellaneous adjustments,Decimal,Yes,GIR/MiscAdj/Other,GIR Calculation,Group Tax,Medium,Any value,Catch-all,Not Started
S3-151,Section 3,3.14 Intl Shipping,InternationalShippingIncome,Gross international shipping income,Decimal,Yes,GIR/IntlShipping/GrossIncome,Financial System,Local Finance,High,>= 0,Article 3.3,Not Started
S3-152,Section 3,3.14 Intl Shipping,ShippingIncomeExcluded,Shipping income excluded from GloBE,Decimal,Yes,GIR/IntlShipping/Excluded,GIR Calculation,Group Tax,High,>= 0,Qualifying amount,Not Started
S3-153,Section 3,3.14 Intl Shipping,QualifyingShipsOperation,Qualifies as ship operation,Boolean,Yes,GIR/IntlShipping/Qualifies,GIR Analysis,Group Tax,High,True/False,Strategic management,Not Started
S3-154,Section 3,3.14 Intl Shipping,ShippingVesselsCount,Number of qualifying vessels,Integer,Conditional,GIR/IntlShipping/VesselCount,Financial System,Local Finance,Medium,Positive integer,For verification,Not Started
S3-155,Section 3,3.14 Intl Shipping,ShippingGrossTonnage,Gross tonnage of fleet,Decimal,Conditional,GIR/IntlShipping/GrossTonnage,Financial System,Local Finance,Medium,>= 0,Measurement,Not Started
S3-156,Section 3,3.14 Intl Shipping,AncillaryShippingIncome,Ancillary shipping income,Decimal,Yes,GIR/IntlShipping/Ancillary,Financial System,Local Finance,Medium,>= 0,Related activities,Not Started
S3-157,Section 3,3.14 Intl Shipping,ShippingTaxRegime,Special shipping tax regime,Boolean,Yes,GIR/IntlShipping/SpecialRegime,Reference Data,Group Tax,Medium,True/False,Tonnage tax etc,Not Started
S3-158,Section 3,3.14 Intl Shipping,ShippingTaxAmount,Tax under shipping regime,Decimal,Conditional,GIR/IntlShipping/TaxAmount,Tax Provision,Local Tax,Medium,>= 0,If special regime,Not Started
S3-159,Section 3,3.14 Intl Shipping,ShippingExclusionCapped,Shipping exclusion capped,Boolean,Yes,GIR/IntlShipping/Capped,GIR Calculation,Group Tax,Medium,True/False,Cap rules,Not Started
S3-160,Section 3,3.14 Intl Shipping,ShippingCappedAmount,Amount if capped,Decimal,Conditional,GIR/IntlShipping/CappedAmt,GIR Calculation,Group Tax,Medium,>= 0,If capped,Not Started
S3-161,Section 3,3.15 Multi-Parent,MultiParentedStructure,Is multi-parented MNE structure,Boolean,Yes,GIR/MultiParent/Applies,GIR Analysis,Group Tax,High,True/False,Stapled structures,Not Started
S3-162,Section 3,3.15 Multi-Parent,StapledStructure,Stapled structure applies,Boolean,Conditional,GIR/MultiParent/Stapled,GIR Analysis,Group Tax,High,True/False,If multi-parented,Not Started
S3-163,Section 3,3.15 Multi-Parent,DualListedArrangement,Dual-listed arrangement,Boolean,Conditional,GIR/MultiParent/DualListed,GIR Analysis,Group Tax,High,True/False,If multi-parented,Not Started
S3-164,Section 3,3.15 Multi-Parent,InclusiveOwnershipTest,Inclusive ownership test met,Boolean,Conditional,GIR/MultiParent/InclusiveTest,GIR Analysis,Group Tax,High,True/False,Combined control,Not Started
S3-165,Section 3,3.15 Multi-Parent,SplitOwnershipRules,Split ownership rules apply,Boolean,Conditional,GIR/MultiParent/SplitOwnership,GIR Calculation,Group Tax,High,True/False,Allocation impacts,Not Started
S3-166,Section 3,3.16 Minority-Owned,MinorityOwnedCECount,Number of minority-owned CEs,Integer,Yes,GIR/MinorityOwned/Count,Legal Entity Master,Group Tax,Medium,>= 0,30-50% ownership,Not Started
S3-167,Section 3,3.16 Minority-Owned,MOCEOwnershipLevel,Ownership level for MOCE,Decimal,Conditional,GIR/MinorityOwned/Ownership,Legal Entity Master,Group Tax,Medium,30-50 percentage,Per MOCE,Not Started
S3-168,Section 3,3.16 Minority-Owned,MOCEIncomeAllocation,Income allocated from MOCE,Decimal,Conditional,GIR/MinorityOwned/IncomeAlloc,GIR Calculation,Group Tax,Medium,Any value,Pro-rata,Not Started
S3-169,Section 3,3.16 Minority-Owned,MOCETaxAllocation,Tax allocated from MOCE,Decimal,Conditional,GIR/MinorityOwned/TaxAlloc,GIR Calculation,Group Tax,Medium,Any value,Pro-rata,Not Started
S3-170,Section 3,3.16 Minority-Owned,MOCESeparateCalcRequired,Separate ETR calc required,Boolean,Conditional,GIR/MinorityOwned/SeparateCalc,GIR Analysis,Group Tax,Medium,True/False,If applicable,Not Started
S3-171,Section 3,3.17 JV Treatment,JVCECount,Number of JV constituent entities,Integer,Yes,GIR/JointVenture/Count,Legal Entity Master,Group Tax,Medium,>= 0,50%+ ownership,Not Started
S3-172,Section 3,3.17 JV Treatment,JVGloBEIncome,GloBE income from JVs,Decimal,Conditional,GIR/JointVenture/Income,GIR Calculation,Group Tax,High,Any value,Per ownership,Not Started
S3-173,Section 3,3.17 JV Treatment,JVCoveredTaxes,Covered taxes from JVs,Decimal,Conditional,GIR/JointVenture/CoveredTaxes,GIR Calculation,Group Tax,High,Any value,Per ownership,Not Started
S3-174,Section 3,3.17 JV Treatment,JVTopUpTax,Top-up tax from JVs,Decimal,Conditional,GIR/JointVenture/TopUpTax,GIR Calculation,Group Tax,High,>= 0,Allocated share,Not Started
S3-175,Section 3,3.17 JV Treatment,JVSeparateGroup,JV treated as separate group,Boolean,Conditional,GIR/JointVenture/SeparateGroup,GIR Configuration,Group Tax,Medium,True/False,Election,Not Started
S3-176,Section 3,3.18 Inv Entity,InvestmentEntityCount,Number of investment entities,Integer,Yes,GIR/InvestmentEntity/Count,Legal Entity Master,Group Tax,Medium,>= 0,Qualifying IEs,Not Started
S3-177,Section 3,3.18 Inv Entity,IEFairValueIncome,Fair value income from IEs,Decimal,Conditional,GIR/InvestmentEntity/FVIncome,Financial System,Local Finance,Medium,Any value,Mark-to-market,Not Started
S3-178,Section 3,3.18 Inv Entity,IEElectionApplied,Investment entity election,Boolean,Conditional,GIR/InvestmentEntity/Election,GIR Configuration,Group Tax,Medium,True/False,Taxable at parent,Not Started
S3-179,Section 3,3.18 Inv Entity,IEAdjustedBasis,Adjusted basis computation,Decimal,Conditional,GIR/InvestmentEntity/AdjBasis,GIR Calculation,Group Tax,Medium,Any value,If elected,Not Started
S3-180,Section 3,3.18 Inv Entity,IEInsuranceSubsidiary,Insurance investment subsidiary,Boolean,Conditional,GIR/InvestmentEntity/Insurance,GIR Analysis,Group Tax,Medium,True/False,Special rules,Not Started
S3-181,Section 3,3.19 Reorg,CorporateReorganization,Corporate reorg occurred,Boolean,Yes,GIR/Reorganization/Occurred,Legal Entity Master,Group Tax,High,True/False,Current year,Not Started
S3-182,Section 3,3.19 Reorg,ReorgType,Type of reorganization,Enumeration,Conditional,GIR/Reorganization/Type,Legal Entity Master,Group Tax,High,Merger/Spin-off/Acquisition,Classification,Not Started
S3-183,Section 3,3.19 Reorg,ReorgEffectiveDate,Effective date of reorganization,Date,Conditional,GIR/Reorganization/EffectiveDate,Legal Entity Master,Group Tax,High,Valid date format,Transaction date,Not Started
S3-184,Section 3,3.19 Reorg,ReorgImpactOnGloBE,Impact on GloBE calculations,String,Conditional,GIR/Reorganization/Impact,GIR Analysis,Group Tax,High,Description,Documentation,Not Started
S3-185,Section 3,3.19 Reorg,TransferredAssetsCarryover,Transferred assets carryover,Decimal,Conditional,GIR/Reorganization/AssetCarryover,GIR Calculation,Group Tax,High,Any value,Basis tracking,Not Started
S3-186,Section 3,3.19 Reorg,TransferredDTCarryover,Transferred DT carryover,Decimal,Conditional,GIR/Reorganization/DTCarryover,GIR Calculation,Group Tax,High,Any value,DTA/DTL,Not Started
S3-187,Section 3,3.19 Reorg,NewCEFromReorg,New CEs from reorganization,String,Conditional,GIR/Reorganization/NewCEs,Legal Entity Master,Group Tax,Medium,Entity names,Added entities,Not Started
S3-188,Section 3,3.19 Reorg,DisposedCEFromReorg,Disposed CEs from reorganization,String,Conditional,GIR/Reorganization/DisposedCEs,Legal Entity Master,Group Tax,Medium,Entity names,Removed entities,Not Started
S3-189,Section 3,3.19 Reorg,ReorgDocumentation,Reorganization documentation,String,Conditional,GIR/Reorganization/Documentation,Document Management,Group Tax,Medium,File reference,Agreements,Not Started
S3-190,Section 3,3.19 Reorg,SuccessorEntityMapping,Successor entity mapping,String,Conditional,GIR/Reorganization/SuccessorMap,Legal Entity Master,Group Tax,High,Old to new mapping,Continuity,Not Started
S3-191,Section 3,3.20 Summary Calcs,TotalGroupGloBEIncome,Total group GloBE income,Decimal,Yes,GIR/Summary/TotalGloBEIncome,GIR Calculation,Group Tax,Critical,Any value,All jurisdictions,Not Started
S3-192,Section 3,3.20 Summary Calcs,TotalGroupCoveredTaxes,Total group covered taxes,Decimal,Yes,GIR/Summary/TotalCoveredTaxes,GIR Calculation,Group Tax,Critical,Any value,All jurisdictions,Not Started
S3-193,Section 3,3.20 Summary Calcs,AverageGroupETR,Average group ETR,Decimal,Yes,GIR/Summary/AverageETR,GIR Calculation,Group Tax,High,Percentage,Weighted average,Not Started
S3-194,Section 3,3.20 Summary Calcs,JurisdictionsBelowMinimum,Count jurisdictions < 15%,Integer,Yes,GIR/Summary/BelowMinCount,GIR Calculation,Group Tax,High,>= 0,Top-up trigger,Not Started
S3-195,Section 3,3.20 Summary Calcs,TotalTopUpTaxGroup,Total top-up tax for group,Decimal,Yes,GIR/Summary/TotalTopUpTax,GIR Calculation,Group Tax,Critical,>= 0,All jurisdictions,Not Started
S3-196,Section 3,3.20 Summary Calcs,TotalIIRAllocation,Total IIR amount allocated,Decimal,Yes,GIR/Summary/TotalIIR,GIR Calculation,Group Tax,Critical,>= 0,Primary mechanism,Not Started
S3-197,Section 3,3.20 Summary Calcs,TotalUTPRAllocation,Total UTPR amount allocated,Decimal,Yes,GIR/Summary/TotalUTPR,GIR Calculation,Group Tax,Critical,>= 0,Backstop amount,Not Started
S3-198,Section 3,3.20 Summary Calcs,TotalQDMTTCredits,Total QDMTT credits,Decimal,Yes,GIR/Summary/TotalQDMTT,GIR Calculation,Group Tax,Critical,>= 0,Domestic offset,Not Started
S3-199,Section 3,3.20 Summary Calcs,NetGroupTopUpTax,Net group top-up tax,Decimal,Yes,GIR/Summary/NetTopUpTax,GIR Calculation,Group Tax,Critical,>= 0,Final liability,Not Started
S3-200,Section 3,3.20 Summary Calcs,GIRCompletionStatus,GIR completion status,Enumeration,Yes,GIR/Summary/CompletionStatus,GIR Workflow,Group Tax,Critical,Draft/Ready/Submitted,Workflow state,Not Started
